﻿<?xml version="1.0" encoding="utf-8" standalone="no" ?>
<combineXP>
    <!--
        Values are based on FS17_moreRealistic mod from Dural
        basePerf=max Ha per Hour wanted in 100% fertilized Wheat: 884 => 8.84 ha/h
        when basePerf=0 xpCombine will compute a value based on machine hp (1 * hp)
        powerBoost value between 0 and 100: 0 => no power boost, max load = 100% ; 20 => 20% power boost, max load = 120%
    -->
    <vehicles powerBoost="20">
        <vehicle xmlPath="data/vehicles/andersonGroup/bioBalerWB55/bioBalerWB55.xml" basePerf="0"/>
        <vehicle xmlPath="data/vehicles/caseIH/a8800MR/a8800MR.xml" basePerf="165"/>
        <vehicle xmlPath="data/vehicles/caseIH/axialFlow150/axialFlow150.xml" basePerf="0"/>
        <vehicle xmlPath="data/vehicles/caseIH/axialFlow250/axialFlow250.xml" basePerf="0"/>
        <vehicle xmlPath="data/vehicles/caseIH/moduleExpress635/moduleExpress635.xml" basePerf="0"/>
        <vehicle xmlPath="data/vehicles/claas/jaguar960TT/jaguar960TT.xml" basePerf="0"/>
        <vehicle xmlPath="data/vehicles/claas/lexion8000/lexion8000.xml" basePerf="0"/>
        <vehicle xmlPath="data/vehicles/claas/torion1914/torion1914.xml" basePerf="0"/>
        <vehicle xmlPath="data/vehicles/claas/trion750/trion750.xml" basePerf="0"/>
        <vehicle xmlPath="data/vehicles/deutzFahr/topLiner4090/topLiner4090.xml" basePerf="0"/>
        <vehicle xmlPath="data/vehicles/fendt/ideal/ideal.xml" basePerf="0"/>
        <vehicle xmlPath="data/vehicles/fendt/katana650/katana650.xml" basePerf="0"/>
        <vehicle xmlPath="data/vehicles/grimme/evo290/evo290.xml" basePerf="0"/>
        <vehicle xmlPath="data/vehicles/grimme/rexor6300/rexor6300.xml" basePerf="0"/>
        <vehicle xmlPath="data/vehicles/grimme/rootster604/rootster604.xml" basePerf="0"/>
        <vehicle xmlPath="data/vehicles/grimme/ventor4150/ventor4150.xml" basePerf="0"/>
        <vehicle xmlPath="data/vehicles/johnDeere/cp690/cp690.xml" basePerf="0"/>
        <vehicle xmlPath="data/vehicles/johnDeere/series9000/series9000.xml" basePerf="0"/>
        <vehicle xmlPath="data/vehicles/johnDeere/t560/t560.xml" basePerf="0"/>
        <vehicle xmlPath="data/vehicles/johnDeere/x9_1100/x9_1100.xml" basePerf="0"/>
        <vehicle xmlPath="data/vehicles/krone/bigM450/bigM450.xml" basePerf="0"/>
        <vehicle xmlPath="data/vehicles/krone/bigX1180/bigX1180.xml" basePerf="0"/>
        <vehicle xmlPath="data/vehicles/lacotec/lhII/lhII.xml" basePerf="0"/>
        <vehicle xmlPath="data/vehicles/lizard/swt7/swt7.xml" basePerf="0"/>
        <vehicle xmlPath="data/vehicles/masseyFerguson/ideal/ideal.xml" basePerf="0"/>
        <vehicle xmlPath="data/vehicles/newHolland/braud9070L/braud9070L.xml" basePerf="0"/>
        <vehicle xmlPath="data/vehicles/newHolland/braud9090X/braud9090X.xml" basePerf="0"/>
        <vehicle xmlPath="data/vehicles/newHolland/chSeries/chSeries.xml" basePerf="0"/>
        <vehicle xmlPath="data/vehicles/newHolland/fr780/fr780.xml" basePerf="0"/>
        <vehicle xmlPath="data/vehicles/ropa/keiler2/keiler2.xml" basePerf="0"/>
        <vehicle xmlPath="data/vehicles/ropa/maus5/maus5.xml" basePerf="0"/>
        <vehicle xmlPath="data/vehicles/ropa/maus5/nawaRoMaus.xml" basePerf="0"/>
        <vehicle xmlPath="data/vehicles/ropa/panther2/panther2.xml" basePerf="0"/>
        <vehicle xmlPath="data/vehicles/ropa/tiger6S/tiger6S.xml" basePerf="0"/>
        <vehicle xmlPath="data/vehicles/rostselmash/nova330/nova330.xml" basePerf="0"/>
        <!-- vehicles from FS19 published as mod -->
        <vehicle xmlPath="data/vehicles/agco/ideal9/IDEAL9.xml" basePerf="0"/>
        <vehicle xmlPath="data/vehicles/bizon/z056/z056.xml" basePerf="130"/>
        <vehicle xmlPath="data/vehicles/caseIH/axial9240/axial9240.xml" basePerf="984"/>
        <vehicle xmlPath="$moddir$FS22_claasDominator108SL/dominator108SL/dominator108SL.xml" basePerf="0"/>
        <vehicle xmlPath="data/vehicles/grimme/varitron470/varitron470.xml" basePerf="330"/>
        <vehicle xmlPath="data/vehicles/holmer/terraDosT4_40/terraDosT4_40.xml" basePerf="350"/>
        <vehicle xmlPath="data/vehicles/johnDeere/S790/S790.xml" basePerf="950"/>
        <vehicle xmlPath="data/vehicles/masseyFerguson/activa7347/activa7347.xml" basePerf="470"/>
        <vehicle xmlPath="data/vehicles/newHolland/cr1090/cr1090.xml" basePerf="963"/>
        <vehicle xmlPath="$moddir$FS22_newHollandTX32/tx32/tx32.xml" basePerf="0"/>
        <vehicle xmlPath="data/vehicles/ropa/panther2/panther2.xml" basePerf="0"/>
        <vehicle xmlPath="data/vehicles/ropa/tiger6/tiger6.xml" basePerf="0"/>
        <vehicle xmlPath="data/vehicles/rostselmash/161/161.xml" basePerf="620"/>
    </vehicles>
    <powerDependantSpeed isActive="true"/>
    <timeDependantSpeed isActive="true">
        <cereal>
            <key value="9" time="0"/>
            <key value="8" time="2"/>
            <key value="6" time="4"/>
            <key value="2" time="6"/>
            <key value="2" time="8"/>
            <key value="4" time="10"/>
            <key value="9" time="12"/>
            <key value="10" time="14"/>
            <key value="10" time="16"/>
            <key value="10" time="18"/>
            <key value="10" time="20"/>
            <key value="9" time="22"/>
            <key value="9" time="24"/>
        </cereal>
        <maize>
            <key value="9" time="0"/>
            <key value="8" time="2"/>
            <key value="6" time="4"/>
            <key value="2" time="6"/>
            <key value="6" time="8"/>
            <key value="8" time="10"/>
            <key value="9" time="12"/>
            <key value="10" time="14"/>
            <key value="10" time="16"/>
            <key value="10" time="18"/>
            <key value="10" time="20"/>
            <key value="9" time="22"/>
            <key value="9" time="24"/>
        </maize>
    </timeDependantSpeed>
    <moistureDependantSpeed isActive="true">
        <default>
            <key value="10" time="10"/>
            <key value="10" time="15"/>
            <key value="9" time="16"/>
            <key value="8" time="17"/>
            <key value="7" time="18"/>
            <key value="5" time="19"/>
            <key value="3" time="20"/>
            <key value="2" time="21"/>
            <key value="2" time="80"/>
        </default>
    </moistureDependantSpeed>
</combineXP>
